location_id,osm_element,osm_id,name,name_en,name_ar,display_name,map_name,category,amenity,healthcare,emergency,address,latitude,longitude,source,is_medical,is_emergency,is_candidate_hub,name_norm,lat_round5,lon_round5,possible_duplicate,osm_completeness_score,dist_Haram_Makkah_km,dist_Mina_km,dist_Muzdalifah_km,dist_Arafat_km,hajj_zone,flag_possible_duplicate,flag_low_completeness,flag_other_healthcare,flag_seasonal_mismatch,flag_unnamed,needs_manual_review,hub_id,candidate_hub,operational_feasibility,drone_regulatory_approval,landing_takeoff_space,charging_capability,medical_inventory_capability,facility_type_prior,hajj_zone_relevance,osm_completeness_0_1,preliminary_suitability_score,demand_cells_within_5km,uniform_weight_covered_5km,proxy_weight_covered_5km,proxy_coverage_share_5km
OSM_NODE_2706849553,node,2706849553,المستشفى الأهلي السعودي,Saudi National Hospital,المستشفى الأهلي السعودي,Saudi National Hospital,Saudi National Hospital,hospital,hospital,hospital,,"شارع العزيزية, مكة, 24243",21.409918499999993,39.86871850000001,OpenStreetMap,True,True,True,saudi national hospital,21.40992,39.86872,False,100,4.824956009107641,2.5379698221103184,5.474581409263942,13.210408944268297,Mina,False,False,False,False,False,False,HUB_001,True,unknown,unknown,unknown,unknown,unknown,0.85,1.0,1.0,92.5,224,224.0,330.47035830618864,0.48047495103109344
OSM_NODE_2708673853,node,2708673853,مستوصف قضيب البان,,مستوصف قضيب البان,مستوصف قضيب البان,مستوصف قضيب البان,hospital,hospital,hospital,no,,21.400606099999997,39.7842685,OpenStreetMap,True,True,True,مستوصف قضيب البان,21.40061,39.78427,False,80,4.973936796798512,11.337335187805639,13.658845280202128,21.11241278815892,Greater_Makkah,False,False,False,False,False,False,HUB_002,True,unknown,unknown,unknown,unknown,unknown,0.85,0.5,0.8,73.5,86,86.0,112.75960912052113,0.16394259366605662
OSM_NODE_4406669093,node,4406669093,مستشفى السلام,Salam Hospital,مستشفى السلام,Salam Hospital,Salam Hospital,hospital,hospital,,,,21.4490959,39.86319240000001,OpenStreetMap,True,True,True,salam hospital,21.4491,39.86319,False,80,4.811276295250347,4.814272928697958,8.788671158158545,16.10284456486429,Greater_Makkah,False,False,False,False,False,False,HUB_003,True,unknown,unknown,unknown,unknown,unknown,0.85,0.5,0.8,73.5,142,142.0,200.18371335504878,0.29104958267504716
OSM_NODE_4406715691,node,4406715691,مركز صحي العدل,,مركز صحي العدل,مركز صحي العدل,مركز صحي العدل,hospital,hospital,,,,21.4483515,39.8647505,OpenStreetMap,True,True,True,مركز صحي العدل,21.44835,39.86475,False,80,4.90064136009238,4.649037917681555,8.624957022022704,15.926255705473286,Greater_Makkah,False,False,False,False,False,False,HUB_004,True,unknown,unknown,unknown,unknown,unknown,0.85,0.5,0.8,73.5,145,145.0,206.00065146579794,0.29950690111122463
OSM_NODE_4424840089,node,4424840089,مستشفى النور,al-Noor Hospital,مستشفى النور,al-Noor Hospital,al-Noor Hospital,hospital,hospital,,,,21.384873399999996,39.8605185,OpenStreetMap,True,True,True,alnoor hospital,21.38487,39.86052,False,80,5.740181947761949,4.730619554200085,5.665663361089088,13.02149209756775,Greater_Makkah,False,False,False,False,False,False,HUB_005,True,unknown,unknown,unknown,unknown,unknown,0.85,0.5,0.8,73.5,140,140.0,198.13941368078162,0.2880773500339086
OSM_NODE_4534829779,node,4534829779,Armed Forces Hospital,Armed Forces Hospital,,Armed Forces Hospital,Armed Forces Hospital,hospital,hospital,hospital,,,21.399227,39.8992415,OpenStreetMap,True,True,True,armed forces hospital,21.39923,39.89924,False,80,8.202732122206209,1.916942647038924,2.1797623938429194,9.862361282096758,Mina,False,False,False,False,False,False,HUB_006,True,unknown,unknown,unknown,unknown,unknown,0.85,1.0,0.8,88.5,202,202.0,276.40000000000003,0.4018613867388035
OSM_NODE_4534849994,node,4534849994,مستشفى نمرة,,مستشفى نمرة,مستشفى نمرة,مستشفى نمرة,hospital,hospital,hospital,,,21.3527385,39.9732195,OpenStreetMap,True,True,True,مستشفى نمرة,21.35274,39.97322,False,80,17.312285061179043,10.86556731611787,7.077684629909334,0.9748455112112555,Arafat,False,False,False,False,False,False,HUB_007,True,unknown,unknown,unknown,unknown,unknown,0.85,1.0,0.8,88.5,159,159.0,164.28729641693812,0.2388593370538336
OSM_NODE_4538598490,node,4538598490,Hospital Alawi Tunsie,,,Hospital Alawi Tunsie,Hospital Alawi Tunsie,hospital,hospital,hospital,,,21.4005275,39.86479520000001,OpenStreetMap,True,True,True,hospital alawi tunsie,21.40053,39.8648,False,80,4.9193553387296625,3.308197459881786,5.450592455250476,13.146033348783927,Greater_Makkah,False,False,False,False,False,False,HUB_008,True,unknown,unknown,unknown,unknown,unknown,0.85,0.5,0.8,73.5,203,203.0,304.2664495114004,0.44237676316477387
OSM_NODE_4538607235,node,4538607235,مركز صحي العزيزية الشرقية,Health center Azizia East,مركز صحي العزيزية الشرقية,Health center Azizia East,Health center Azizia East,hospital,hospital,,,,21.403849299999997,39.8802291,OpenStreetMap,True,True,True,health center azizia east,21.40385,39.88023,False,80,6.178801653179015,1.8004005023389893,4.105558878210293,11.842363986120434,Mina,False,False,False,False,False,False,HUB_009,True,unknown,unknown,unknown,unknown,unknown,0.85,1.0,0.8,88.5,216,216.0,297.7016286644951,0.43283208874643386
OSM_NODE_4547232393,node,4547232393,,Muhammad sales Basharahil hospital (648 patient ),,Muhammad sales Basharahil hospital (648 patient ),Muhammad sales Basharahil hospital (648 patient ),hospital,hospital,,,"Al madinah al munawarah, 21955",21.561427299999995,39.7746446,OpenStreetMap,True,True,True,muhammad sales basharahil hospital 648 patient,21.56143,39.77464,False,100,16.01834822540008,20.260981778077475,24.23789031715538,31.332186564218098,Greater_Makkah,False,False,False,False,False,False,HUB_010,True,unknown,unknown,unknown,unknown,unknown,0.85,0.5,1.0,77.49999999999999,0,0.0,0.0,0.0
OSM_NODE_4646305989,node,4646305989,مجمع الرائد المكي المتخصص في طب الاسنان,,مجمع الرائد المكي المتخصص في طب الاسنان,مجمع الرائد المكي المتخصص في طب الاسنان,مجمع الرائد المكي المتخصص في طب الاسنان,hospital,hospital,,,,21.4681906,39.9438084,OpenStreetMap,True,True,True,مجمع الرائد المكي المتخصص في طب الاسنان,21.46819,39.94381,False,80,13.237647063095576,7.90374157413844,9.534009853390659,13.088762054355634,Greater_Makkah,False,False,False,False,False,False,HUB_011,True,unknown,unknown,unknown,unknown,unknown,0.85,0.5,0.8,73.5,0,0.0,0.0,0.0
OSM_NODE_4853503310,node,4853503310,Mina Al-Jisr Hospital,Mina Al-Jisr Hospital,,Mina Al-Jisr Hospital,Mina Al-Jisr Hospital,hospital,hospital,hospital,,,21.4051802,39.8884633,OpenStreetMap,True,True,True,mina aljisr hospital,21.40518,39.88846,False,80,6.931533951931855,1.2017303803373398,3.4637053003779377,11.15922692911453,Mina,False,False,False,False,False,False,HUB_012,True,unknown,unknown,unknown,unknown,unknown,0.85,1.0,0.8,88.5,213,213.0,292.63778501628667,0.42546970368602316
OSM_NODE_4853590821,node,4853590821,,,,Unnamed OSM feature,Unnamed OSM feature,hospital,hospital,,,,21.4545574,39.8393304,OpenStreetMap,True,True,True,unnamed osm feature,21.45456,39.83933,False,60,3.6429440827827033,7.014142274198296,10.897457410113931,18.41994817457635,Haram_Makkah,False,False,False,False,True,True,HUB_013,True,unknown,unknown,unknown,unknown,unknown,0.85,1.0,0.6,84.5,138,138.0,184.07687296416933,0.26763164774212606
OSM_NODE_5070401203,node,5070401203,مستوصف العبير,,مستوصف العبير,مستوصف العبير,مستوصف العبير,hospital,hospital,,,,21.4163884,39.8628741,OpenStreetMap,True,True,True,مستوصف العبير,21.41639,39.86287,False,80,4.041325280556944,3.0734173780410616,6.357543124232108,14.08051690053313,Greater_Makkah,False,False,False,False,False,False,HUB_014,True,unknown,unknown,unknown,unknown,unknown,0.85,0.5,0.8,73.5,223,223.0,331.27622149837117,0.48164660551710003
OSM_NODE_5075704816,node,5075704816,مستشفى الحرم للطوارئ,Al Haram Emergency Hospital,مستشفى الحرم للطوارئ,Al Haram Emergency Hospital,Al Haram Emergency Hospital,hospital,hospital,hospital,yes,,21.4267071,39.8232661,OpenStreetMap,True,True,True,al haram emergency hospital,21.42671,39.82327,False,80,0.29017718435157525,7.285495452115779,10.519648752593831,18.25743371876925,Haram_Makkah,False,False,False,False,False,False,HUB_015,True,unknown,unknown,unknown,unknown,unknown,0.85,1.0,0.8,88.5,215,215.0,272.80065146579784,0.39662824928109447
OSM_NODE_5076188152,node,5076188152,مستشفى أجياد للطوارئ,Ajyad Emergency Hospital,مستشفى أجياد للطوارئ,Ajyad Emergency Hospital,Ajyad Emergency Hospital,hospital,hospital,,,,21.419720200000004,39.8263838,OpenStreetMap,True,True,True,ajyad emergency hospital,21.41972,39.82638,False,80,0.5580686886136667,6.870367329493173,9.914835218250994,17.641307209702468,Haram_Makkah,False,False,False,False,False,False,HUB_016,True,unknown,unknown,unknown,unknown,unknown,0.85,1.0,0.8,88.5,219,219.0,278.48143322475545,0.4048876083093695
OSM_NODE_5076826198,node,5076826198,مستوصف قوى الامن,Security Forces Health Center,مستوصف قوى الامن,Security Forces Health Center,Security Forces Health Center,hospital,hospital,,,,21.394141199999996,39.8959064,OpenStreetMap,True,True,True,security forces health center,21.39414,39.89591,False,80,8.09632285491086,2.3745271439939977,2.1732008095442534,9.909708629146362,Muzdalifah,False,False,False,False,False,False,HUB_017,True,unknown,unknown,unknown,unknown,unknown,0.85,1.0,0.8,88.5,197,197.0,271.1889250814331,0.39428494030908173
OSM_NODE_5077299107,node,5077299107,مجمع الفهد الطبي,Al Fahd Medical Complex,مجمع الفهد الطبي,Al Fahd Medical Complex,Al Fahd Medical Complex,hospital,hospital,,,,21.4431374,39.8355345,OpenStreetMap,True,True,True,al fahd medical complex,21.44314,39.83553,False,80,2.3345638056532736,6.657258068335795,10.373397500349556,18.02776284103927,Haram_Makkah,False,False,False,False,False,False,HUB_018,True,unknown,unknown,unknown,unknown,unknown,0.85,1.0,0.8,88.5,185,185.0,241.1485342019542,0.35060884357607486
OSM_NODE_5134884137,node,5134884137,مستشفى حراء,Hera General Hospital,مستشفى حراء,Hera General Hospital,Hera General Hospital,hospital,hospital,,,,21.48647619999999,39.7892145,OpenStreetMap,True,True,True,hera general hospital,21.48648,39.78921,False,80,7.785976918837991,13.28664328167675,17.121996965603056,24.696762762013524,Greater_Makkah,False,False,False,False,False,False,HUB_019,True,unknown,unknown,unknown,unknown,unknown,0.85,0.5,0.8,73.5,14,14.0,15.37328990228013,0.02235141678316909
OSM_NODE_5828839701,node,5828839701,البعثة الطبية العراقية,Iraqi medical delegation,,Iraqi medical delegation,Iraqi medical delegation,hospital,hospital,,,,21.412398400000004,39.8618606,OpenStreetMap,True,True,True,iraqi medical delegation,21.4124,39.86186,False,80,4.06326563529864,3.1932027531940435,6.231092213724637,13.968483884978314,Greater_Makkah,False,False,False,False,False,False,HUB_020,True,unknown,unknown,unknown,unknown,unknown,0.85,0.5,0.8,73.5,218,218.0,325.6846905537458,0.4735170093542922
OSM_NODE_6139791985,node,6139791985,مركز الملك عبد اللة لغسيل الكلي,,,مركز الملك عبد اللة لغسيل الكلي,مركز الملك عبد اللة لغسيل الكلي,hospital,hospital,,,,21.3889212,39.8079877,OpenStreetMap,True,True,True,مركز الملك عبد اللة لغسيل الكلي,21.38892,39.80799,False,80,4.3154232714494505,9.236660889530986,11.112641255001671,18.430419963176412,Greater_Makkah,False,False,False,False,False,False,HUB_021,True,unknown,unknown,unknown,unknown,unknown,0.85,0.5,0.8,73.5,107,107.0,141.0508143322475,0.20507552767074702
OSM_NODE_6166310287,node,6166310287,مركز الملك عبد الله لغسيل الكلي الصناعي,King Abdullah dialysis Center,,King Abdullah dialysis Center,King Abdullah dialysis Center,hospital,hospital,,,,21.418281799999995,39.7752803,OpenStreetMap,True,True,True,king abdullah dialysis center,21.41828,39.77528,False,80,5.186473230643514,12.154402444208536,14.92291614289235,22.54180247996461,Greater_Makkah,False,False,False,False,False,False,HUB_022,True,unknown,unknown,unknown,unknown,unknown,0.85,0.5,0.8,73.5,82,82.0,105.22084690553743,0.15298189381798338
OSM_NODE_6795540585,node,6795540585,Pakistan Hajj Mission Hospital,,,Pakistan Hajj Mission Hospital,Pakistan Hajj Mission Hospital,hospital,hospital,,,,21.397025299999992,39.876904,OpenStreetMap,True,True,True,pakistan hajj mission hospital,21.39703,39.8769,False,80,6.194849287663252,2.5946334125230694,4.13693675041402,11.838073017250265,Mina,False,False,False,False,False,False,HUB_023,True,unknown,unknown,unknown,unknown,unknown,0.85,1.0,0.8,88.5,210,210.0,292.8456026058631,0.4257718522559794
OSM_NODE_8583386218,node,8583386218,مجمع مبارك الطبي المتخصص لطب الاسنان,,,مجمع مبارك الطبي المتخصص لطب الاسنان,مجمع مبارك الطبي المتخصص لطب الاسنان,hospital,hospital,hospital,,"1, Ar Ridwa Street, مكه, 24221",21.431867599999997,39.7921537,OpenStreetMap,True,True,True,مجمع مبارك الطبي المتخصص لطب الاسنان,21.43187,39.79215,False,100,3.4859317189943306,10.560111232719587,13.708202492459018,21.431005238655626,Haram_Makkah,False,False,False,False,False,False,HUB_024,True,unknown,unknown,unknown,unknown,unknown,0.85,1.0,1.0,92.5,131,131.0,173.21237785016274,0.25183562360054995
OSM_NODE_11275483327,node,11275483327,مستشفى الملك2,,,مستشفى الملك2,مستشفى الملك2,hospital,hospital,hospital,,"King Abdullah Hospital Road, مكة",21.3826364,39.8814022,OpenStreetMap,True,True,True,مستشفى الملك2,21.38264,39.8814,False,100,7.4746753154031245,3.800175902487436,3.522351075445504,10.867174884294846,Greater_Makkah,False,False,False,False,False,False,HUB_025,True,unknown,unknown,unknown,unknown,unknown,0.85,0.5,1.0,77.49999999999999,166,166.0,237.0436482084689,0.3446406989387858
OSM_NODE_11275483328,node,11275483328,مستشفى الملك1,,,مستشفى الملك1,مستشفى الملك1,hospital,hospital,hospital,,"King Abdullah Hospital Road, مكة",21.3829925,39.88210490000001,OpenStreetMap,True,True,True,مستشفى الملك1,21.38299,39.8821,False,100,7.507689746209685,3.7409897189026653,3.4455350449055135,10.80817967713203,Greater_Makkah,False,False,False,False,False,False,HUB_026,True,unknown,unknown,unknown,unknown,unknown,0.85,0.5,1.0,77.49999999999999,167,167.0,238.0436482084689,0.34609461133653835
OSM_NODE_11275483329,node,11275483329,مستشفى الملك3,,,مستشفى الملك3,مستشفى الملك3,hospital,hospital,hospital,,"King Abdullah Hospital Road, مكة",21.382329100000003,39.8807652,OpenStreetMap,True,True,True,مستشفى الملك3,21.38233,39.88077,False,100,7.444338959891542,3.85295251737602,3.592003242694162,10.921387716024794,Greater_Makkah,False,False,False,False,False,False,HUB_027,True,unknown,unknown,unknown,unknown,unknown,0.85,0.5,1.0,77.49999999999999,165,165.0,235.5094462540715,0.3424101036966312
OSM_NODE_11275483330,node,11275483330,مستشفى الملك4,,,مستشفى الملك4,مستشفى الملك4,hospital,hospital,hospital,,"King Abdullah Hospital Road, مكة",21.381935399999996,39.8814486,OpenStreetMap,True,True,True,مستشفى الملك4,21.38194,39.88145,False,100,7.526849328823697,3.8727702175300456,3.5274823361611816,10.841394517668844,Greater_Makkah,False,False,False,False,False,False,HUB_028,True,unknown,unknown,unknown,unknown,unknown,0.85,0.5,1.0,77.49999999999999,160,160.0,229.91009771986953,0.33426914144341746
OSM_NODE_11410017570,node,11410017570,,hospital turn 1,,hospital turn 1,hospital turn 1,hospital,hospital,,,,21.391287199999997,39.7627724,OpenStreetMap,True,True,True,hospital turn 1,21.39129,39.76277,False,80,7.415749382558386,13.7090580943948,15.805639672002462,23.085434678831785,Greater_Makkah,False,False,False,False,False,False,HUB_029,True,unknown,unknown,unknown,unknown,unknown,0.85,0.5,0.8,73.5,22,22.0,24.887296416938113,0.036183948807128816
OSM_NODE_11793367734,node,11793367734,مجمع الرواد الطبي العام,,,مجمع الرواد الطبي العام,مجمع الرواد الطبي العام,hospital,hospital,hospital,yes,"7310, طريق المدينة المنورة ,, مكة المكرمة, 24227",21.4505908,39.8082788,OpenStreetMap,True,True,True,مجمع الرواد الطبي العام,21.45059,39.80828,False,100,3.355473892174932,9.560641918468264,13.162714991231423,20.869132630516386,Haram_Makkah,False,False,False,False,False,False,HUB_030,True,unknown,unknown,unknown,unknown,unknown,0.85,1.0,1.0,92.5,135,135.0,176.44625407166112,0.2565373963317836
OSM_NODE_11870738495,node,11870738495,مركز صحي موسمي رقم 18,MarkazSihhiMawsimiRaqmThamaniyat`Ashar,مركز صحي موسمي رقم 18,MarkazSihhiMawsimiRaqmThamaniyat`Ashar,MarkazSihhiMawsimiRaqmThamaniyat'Ashar,seasonal_health_center,,centre,,,21.348293899999998,39.9762993,OpenStreetMap,True,True,True,markazsihhimawsimiraqmthamaniyatashar,21.34829,39.9763,False,80,17.824404094089076,11.426736111732989,7.612139211041697,1.0035600616899478,Arafat,False,False,False,False,False,False,HUB_031,True,unknown,unknown,unknown,unknown,unknown,0.95,1.0,0.8,93.5,156,156.0,161.2039087947883,0.23437636156291325
OSM_NODE_11870738579,node,11870738579,مركز صحي موسمي رقم 11,MarkazSihhiMawsimiRaqmAhad`Ashar,مركز صحي موسمي رقم 11,MarkazSihhiMawsimiRaqmAhad`Ashar,MarkazSihhiMawsimiRaqmAhad'Ashar,seasonal_health_center,,centre,,,21.343777999999997,39.972725,OpenStreetMap,True,True,True,markazsihhimawsimiraqmahadashar,21.34378,39.97272,False,80,17.745667481101762,11.486612162020444,7.6055369981189465,1.6258422723775612,Arafat,False,False,False,False,False,False,HUB_032,True,unknown,unknown,unknown,unknown,unknown,0.95,1.0,0.8,93.5,155,155.0,160.20390879478833,0.23292244916516075
OSM_NODE_11870950901,node,11870950901,الشرائع العليا,AshShara'i`al`Ulya,الشرائع العليا,AshShara'i`al`Ulya,AshShara'i'al'Ulya,hospital,hospital,hospital,,,21.515059099999995,40.063808900000005,OpenStreetMap,True,True,True,ashsharaialulya,21.51506,40.06381,False,80,26.70692155247882,20.901203679869994,20.983844382613825,19.583210687854493,Greater_Makkah,False,False,False,False,False,False,HUB_033,True,unknown,unknown,unknown,unknown,unknown,0.85,0.5,0.8,73.5,0,0.0,0.0,0.0
OSM_NODE_11870951224,node,11870951224,مركز صحي موسمي رقم 3,MarkazSihhiMawsimiRaqmThalathah,مركز صحي موسمي رقم 3,MarkazSihhiMawsimiRaqmThalathah,MarkazSihhiMawsimiRaqmThalathah,seasonal_health_center,,centre,,,21.3411317,39.9716879,OpenStreetMap,True,True,True,markazsihhimawsimiraqmthalathah,21.34113,39.97169,False,80,17.803154790503967,11.614382940285617,7.708347894987114,1.9267683604519705,Arafat,False,False,False,False,False,False,HUB_034,True,unknown,unknown,unknown,unknown,unknown,0.95,1.0,0.8,93.5,149,149.0,154.19348534201959,0.2241838199914376
OSM_NODE_11871306606,node,11871306606,مركز صحي موسمي رقم 16,MarkazSihhiMawsimiRaqmSittat`Ashar,مركز صحي موسمي رقم 16,MarkazSihhiMawsimiRaqmSittat`Ashar,MarkazSihhiMawsimiRaqmSittat'Ashar,seasonal_health_center,,centre,,,21.345993,39.978065,OpenStreetMap,True,True,True,markazsihhimawsimiraqmsittatashar,21.34599,39.97806,False,80,18.106879390179877,11.731650438156537,7.9063824064262676,1.136447139285845,Arafat,False,False,False,False,False,False,HUB_035,True,unknown,unknown,unknown,unknown,unknown,0.95,1.0,0.8,93.5,156,156.0,161.2039087947883,0.23437636156291325
OSM_NODE_11871652226,node,11871652226,مركز صحي موسمي رقم 10,MarkazSihhiMawsimiRaqm`Asharah,مركز صحي موسمي رقم 10,MarkazSihhiMawsimiRaqm`Asharah,MarkazSihhiMawsimiRaqm'Asharah,seasonal_health_center,,centre,,,21.344530000000002,39.969909,OpenStreetMap,True,True,True,markazsihhimawsimiraqmasharah,21.34453,39.96991,False,80,17.451678338026237,11.218681727206587,7.325669810154815,1.7575986069930798,Arafat,False,False,False,False,False,False,HUB_036,True,unknown,unknown,unknown,unknown,unknown,0.95,1.0,0.8,93.5,155,155.0,160.2039087947883,0.2329224491651607
OSM_NODE_12054556416,node,12054556416,المستشفى السعودي الالماني,,,المستشفى السعودي الالماني,المستشفى السعودي الالماني,hospital,hospital,hospital,yes,24352,21.2824093,39.8244284,OpenStreetMap,True,True,True,المستشفى السعودي الالماني,21.28241,39.82443,False,100,15.734231813201507,16.321222537298066,14.861596866863811,18.24985142399099,Greater_Makkah,False,False,False,False,False,False,HUB_037,True,unknown,unknown,unknown,unknown,unknown,0.85,0.5,1.0,77.49999999999999,0,0.0,0.0,0.0
OSM_WAY_131655352,way,131655352,Arafat General hospital,Arafat General hospital,,Arafat General hospital,Arafat General hospital,hospital,hospital,,,,21.35006841829966,39.9836377010321,OpenStreetMap,True,True,True,arafat general hospital,21.35007,39.98364,False,80,18.15136015398615,11.64370058693861,7.903856765093005,0.42844369573060487,Arafat,False,False,False,False,False,False,HUB_038,True,unknown,unknown,unknown,unknown,unknown,0.85,1.0,0.8,88.5,156,156.0,161.2039087947883,0.23437636156291325
OSM_WAY_132325101,way,132325101,مستشفى جبل الرحمة,Jabal Al-Rahmah Hospital,مستشفى جبل الرحمة,Jabal Al-Rahmah Hospital,Jabal Al-Rahmah Hospital,hospital,hospital,hospital,yes,,21.352803837677783,39.98364361556893,OpenStreetMap,True,True,True,jabal alrahmah hospital,21.3528,39.98364,False,80,18.177113309748737,11.620412951493936,7.915904959568469,0.25850943840658896,Arafat,False,False,False,False,False,False,HUB_039,True,unknown,unknown,unknown,unknown,unknown,0.85,1.0,0.8,88.5,156,156.0,161.2039087947883,0.23437636156291325
OSM_WAY_133219649,way,133219649,مستشفى منى الشارع الجديد,Mina Al-Share’a Al-Jadeed Hospital,مستشفى منى الشارع الجديد,Mina Al-Share’a Al-Jadeed Hospital,Mina Al-Share’a Al-Jadeed Hospital,hospital,hospital,hospital,,,21.411264651495998,39.8905846556361,OpenStreetMap,True,True,True,mina alsharea aljadeed hospital,21.41126,39.89058,False,80,6.918922458483003,0.47101149528252895,3.721497953377722,11.289008775205522,Mina,False,False,False,False,False,False,HUB_040,True,unknown,unknown,unknown,unknown,unknown,0.85,1.0,0.8,88.5,205,205.0,284.54136807817594,0.41369822272233026
OSM_WAY_133432933,way,133432933,مركز هيئة الهلال الأحمر - منى,,,مركز هيئة الهلال الأحمر - منى,مركز هيئة الهلال الأحمر - منى,ambulance_station,clinic,,ambulance_station,,21.41657955698829,39.88555948437864,OpenStreetMap,True,True,True,مركز هيئة الهلال الأحمر منى,21.41658,39.88556,False,80,6.339993539780221,0.7204397597499499,4.527023942526529,12.067628053787521,Mina,False,False,False,False,False,False,HUB_041,True,unknown,unknown,unknown,unknown,unknown,1.0,1.0,0.8,96.00000000000001,203,203.0,283.4638436482084,0.4121315965947192
OSM_WAY_136525017,way,136525017,Mina Al-Wadi Hospital,Mina Al-Wadi Hospital,,Mina Al-Wadi Hospital,Mina Al-Wadi Hospital,hospital,hospital,hospital,,,21.41317296672884,39.90176293642091,OpenStreetMap,True,True,True,mina alwadi hospital,21.41317,39.90176,False,80,8.003711314838336,0.9242478903887889,3.2340720598869632,10.455626294908349,Mina,False,False,False,False,False,False,HUB_042,True,unknown,unknown,unknown,unknown,unknown,0.85,1.0,0.8,88.5,194,194.0,270.557654723127,0.39336712850880673
OSM_WAY_375399296,way,375399296,مستشفى الشفاء الطبي,Hospital Shifa,مستشفى الشفاء الطبي,Hospital Shifa,Hospital Shifa,hospital,hospital,,,,21.415583055937315,39.80652632624844,OpenStreetMap,True,True,True,hospital shifa,21.41558,39.80653,False,80,2.1236810027330493,8.898173106379828,11.695430673810904,19.36025784205364,Haram_Makkah,False,False,False,False,False,False,HUB_043,True,unknown,unknown,unknown,unknown,unknown,0.85,1.0,0.8,88.5,177,177.0,225.31270358306173,0.32758493311055775
OSM_WAY_379522469,way,379522469,مدينة الملك عبدالله الطبية,King Abdullah Medical City Hospital,,King Abdullah Medical City Hospital,King Abdullah Medical City Hospital,hospital,hospital,,yes,,21.38116139449817,39.88130373859744,OpenStreetMap,True,True,True,king abdullah medical city hospital,21.38116,39.8813,False,80,7.2018387020500025,3.5851476114504446,3.3442113945962855,10.527001488458785,Greater_Makkah,False,False,False,False,False,False,HUB_044,True,unknown,unknown,unknown,unknown,unknown,0.85,0.5,0.8,73.5,157,157.0,226.49576547231257,0.32930500145864805
OSM_WAY_457319394,way,457319394,الهلال الاحمر,Hilal Ahmar,الهلال الاحمر,Hilal Ahmar,Hilal Ahmar,hospital,hospital,,,,21.388754680165658,39.92286031123547,OpenStreetMap,True,True,True,hilal ahmar,21.38875,39.92286,False,80,10.891084988097973,4.296368223280465,0.8301335243767982,7.1491628512342915,Muzdalifah,False,False,False,False,False,False,HUB_045,True,unknown,unknown,unknown,unknown,unknown,0.85,1.0,0.8,88.5,161,161.0,215.1107491856677,0.31275218513088043
OSM_WAY_457321838,way,457321838,Eastern Arafat Hospital,Eastern Arafat Hospital,,Eastern Arafat Hospital,Eastern Arafat Hospital,hospital,hospital,hospital,,,21.33468009963513,39.987464969428345,OpenStreetMap,True,True,True,eastern arafat hospital,21.33468,39.98746,False,80,19.43798866587716,13.161863989866413,9.2975117560949,2.2908996560711157,Arafat,False,False,False,False,False,False,HUB_046,True,unknown,unknown,unknown,unknown,unknown,0.85,1.0,0.8,88.5,138,138.0,142.99283387622154,0.2078990539624086
OSM_WAY_457324471,way,457324471,Medical Center,Medical Center,,Medical Center,Medical Center,hospital,hospital,,,,21.371282489216433,39.93799241640427,OpenStreetMap,True,True,True,medical center,21.37128,39.93799,False,80,13.099158006949308,6.7568107006847775,2.869173277213634,4.871533496962375,Greater_Makkah,False,False,False,False,False,False,HUB_047,True,unknown,unknown,unknown,unknown,unknown,0.85,0.5,0.8,73.5,157,157.0,167.67882736156346,0.24379032594158578
OSM_WAY_457454052,way,457454052,مستشفى الملك فيصل التخصصي,King Faisal Hospital,مستشفى الملك فيصل التخصصي,King Faisal Hospital,King Faisal Hospital,hospital,hospital,hospital,,,21.434479471657884,39.85338079811359,OpenStreetMap,True,True,True,king faisal hospital,21.43448,39.85338,False,80,3.0168352576884416,4.4770796740781655,8.214105359809645,15.84789418635475,Haram_Makkah,False,False,False,False,False,False,HUB_048,True,unknown,unknown,unknown,unknown,unknown,0.85,1.0,0.8,88.5,203,203.0,288.9491856677524,0.42010680336284717
OSM_WAY_457509225,way,457509225,SHIFA AL BARAKA MEDICAL CENTER,SHIFA AL BARAKA MEDICAL CENTER,,SHIFA AL BARAKA MEDICAL CENTER,SHIFA AL BARAKA MEDICAL CENTER,hospital,hospital,,,,21.437866521919123,39.804945908681795,OpenStreetMap,True,True,True,shifa al baraka medical center,21.43787,39.80495,False,80,2.5089979321889766,9.382171172495356,12.738496764373261,20.47683414946562,Haram_Makkah,False,False,False,False,False,False,HUB_049,True,unknown,unknown,unknown,unknown,unknown,0.85,1.0,0.8,88.5,166,166.0,213.43713355048837,0.3103188946098207
OSM_WAY_457509472,way,457509472,مستشفى الملك عبد العزيز,Hospital King Abdulaziz,مستشفى الملك عبد العزيز,Hospital King Abdulaziz,Hospital King Abdulaziz,hospital,hospital,,,,21.4417766315203,39.807258528060444,OpenStreetMap,True,True,True,hospital king abdulaziz,21.44178,39.80726,False,80,2.581352101110932,9.241011521481928,12.69088800625123,20.424103047289577,Haram_Makkah,False,False,False,False,False,False,HUB_050,True,unknown,unknown,unknown,unknown,unknown,0.85,1.0,0.8,88.5,159,159.0,206.16351791530923,0.29974369466134704
OSM_WAY_457991013,way,457991013,مستشفى الولادة و الأطفال,Maternity and Children Hospital,مستشفى الولادة و الأطفال,Maternity and Children Hospital,Maternity and Children Hospital,hospital,hospital,,,,21.374555513204054,39.88133151519134,OpenStreetMap,True,True,True,maternity and children hospital,21.37456,39.88133,False,80,7.77978759779661,4.373430087847226,3.5348152682520975,10.505394832081723,Greater_Makkah,False,False,False,False,False,False,HUB_051,True,unknown,unknown,unknown,unknown,unknown,0.85,0.5,0.8,73.5,131,131.0,186.52573289902267,0.27119207556176883
OSM_WAY_457991153,way,457991153,مستشفى قوى الأمن,Security Forces Hospital,,Security Forces Hospital,Security Forces Hospital,hospital,hospital,,,,21.365586333155576,39.8925267743572,OpenStreetMap,True,True,True,security forces hospital,21.36559,39.89253,False,80,9.42637000645254,5.382040140615638,3.1303018556037565,9.236666657821294,Greater_Makkah,False,False,False,False,False,False,HUB_052,True,unknown,unknown,unknown,unknown,unknown,0.85,0.5,0.8,73.5,106,106.0,132.09250814332256,0.19205093523980568
OSM_WAY_461205063,way,461205063,Al Hajj Street Health Center مركز صحي شارع الحج,,Al Hajj Street Health Center مركز صحي شارع الحج,Al Hajj Street Health Center مركز صحي شارع الحج,Al Hajj Street Health Center مركز صحي شارع الحج,hospital,hospital,,,,21.461554449352068,39.850066134435735,OpenStreetMap,True,True,True,al hajj street health center مركز صحي شارع الحج,21.46155,39.85007,False,80,4.846005228646148,6.733023961445912,10.702442714062137,18.020825374840935,Greater_Makkah,False,False,False,False,False,False,HUB_053,True,unknown,unknown,unknown,unknown,unknown,0.85,0.5,0.8,73.5,104,104.0,132.48208469055368,0.19261734541169864
OSM_WAY_520141095,way,520141095,مستشفى الطوارئ بمنى,Mina Emergency Hospital,مستشفى الطوارئ بمنى,Mina Emergency Hospital,Mina Emergency Hospital,hospital,hospital,hospital,,,21.413654430364538,39.88011344235567,OpenStreetMap,True,True,True,mina emergency hospital,21.41365,39.88011,False,80,5.815045056755847,1.2517835211182438,4.698061378702722,12.359313150712929,Mina,False,False,False,False,False,False,HUB_054,True,unknown,unknown,unknown,unknown,unknown,0.85,1.0,0.8,88.5,214,214.0,296.44429967426714,0.43100404253948776
OSM_WAY_589738245,way,589738245,مركز صحي الشافعي,,,مركز صحي الشافعي,مركز صحي الشافعي,hospital,hospital,hospital,,,21.366836045366952,39.77325078563394,OpenStreetMap,True,True,True,مركز صحي الشافعي,21.36684,39.77325,False,80,8.273241105298387,13.419219155773629,14.806864009848539,21.63422615509039,Greater_Makkah,False,False,False,False,False,False,HUB_055,True,unknown,unknown,unknown,unknown,unknown,0.85,0.5,0.8,73.5,7,7.0,7.38827361563518,0.01074190260776001
OSM_WAY_670889758,way,670889758,الهلال الاحمر,Red Crescent,الهلال الاحمر,Red Crescent,Red Crescent,hospital,hospital,hospital,,,21.422420500030203,39.82310754985782,OpenStreetMap,True,True,True,red crescent,21.42242,39.82311,False,80,0.2889844686771238,7.224388425411461,10.330957932310781,18.061533502111264,Haram_Makkah,False,False,False,False,False,False,HUB_056,True,unknown,unknown,unknown,unknown,unknown,0.85,1.0,0.8,88.5,215,215.0,273.32964169381086,0.3973973547318925
OSM_WAY_676402012,way,676402012,المركز الطبي الجامعي,University Medical Center,المركز الطبي الجامعي,University Medical Center,University Medical Center,hospital,hospital,hospital,,,21.408916536018644,39.86400413557941,OpenStreetMap,True,True,True,university medical center,21.40892,39.864,False,80,4.379949857545727,3.0144268336128115,5.841519452836362,13.57969457536936,Greater_Makkah,False,False,False,False,False,False,HUB_057,True,unknown,unknown,unknown,unknown,unknown,0.85,0.5,0.8,73.5,218,218.0,326.17459283387603,0.47422928435306083
OSM_WAY_718113483,way,718113483,مستشفى الحرس الوطني الميداني,National Guard Hospital,مستشفى الحرس الوطني الميداني,National Guard Hospital,National Guard Hospital,hospital,hospital,hospital,,,21.405893675544224,39.89207000859229,OpenStreetMap,True,True,True,national guard hospital,21.40589,39.89207,False,80,7.250065638747362,1.0341898288578586,3.2149538064320984,10.864312135817048,Mina,False,False,False,False,False,False,HUB_058,True,unknown,unknown,unknown,unknown,unknown,0.85,1.0,0.8,88.5,209,209.0,287.0951140065147,0.41741114558825204
OSM_WAY_1086093256,way,1086093256,مركز مكة الطبي,Makkah Medical Center,مركز مكة الطبي,Makkah Medical Center,Makkah Medical Center,hospital,hospital,hospital,,"6765, Al Madinah Al Munawarah Road",21.494956940814124,39.793966464315474,OpenStreetMap,True,True,True,makkah medical center,21.49496,39.79397,False,100,8.332694807188426,13.40576412162839,17.30171488699532,24.791614844024913,Greater_Makkah,False,False,False,False,False,False,HUB_059,True,unknown,unknown,unknown,unknown,unknown,0.85,0.5,1.0,77.49999999999999,5,5.0,5.813029315960912,0.008451635390974566
